23,77,26,26,0.005157470703125,536,0.0032110214233398438,536,0.0005576610565185547,536
23,87,6,6,0.006035327911376953,434,0.004851579666137695,434,0.00905299186706543,434
18,77,16,16,0.0026450157165527344,402,0.002371549606323242,402,0.004396677017211914,402
25,45,6,6,0.0022573471069335938,165,0.002321958541870117,165,0.0004456043243408203,165
33,72,21,21,0.015294313430786133,857,0.00904226303100586,857,0.0017652511596679688,857
28,87,16,16,0.016785144805908203,855,0.007548809051513672,855,0.0012063980102539062,855
28,87,6,6,0.01728081703186035,688,0.008644819259643555,688,0.016482830047607422,688
28,77,11,11,0.008008718490600586,476,0.006087064743041992,476,0.01647162437438965,476
13,72,21,21,0.0006914138793945312,260,0.0010979175567626953,260,0.0017154216766357422,260
25,45,1,1,0.002956390380859375,157,0.0016658306121826172,157,0.0006673336029052734,157
33,82,16,16,0.02039313316345215,729,0.008134603500366211,729,0.001241922378540039,729
13,77,16,16,0.000888824462890625,275,0.0009453296661376953,275,0.0002989768981933594,275
23,82,21,21,0.006148338317871094,720,0.005332469940185547,720,0.009831666946411133,720
13,82,26,26,0.000537872314453125,305,0.0010552406311035156,305,0.0021605491638183594,305
13,82,6,6,0.0008804798126220703,280,0.0011525154113769531,280,0.002167940139770508,280
18,72,21,21,0.0020301342010498047,460,0.002187490463256836,460,0.0005066394805908203,460
28,87,6,6,0.009677410125732422,662,0.005290985107421875,662,0.015479087829589844,662
18,87,11,11,0.00193023681640625,357,0.0021505355834960938,357,0.00046324729919433594,357
13,77,6,6,0.0008537769317626953,179,0.0009260177612304688,179,0.00024390220642089844,179
33,82,11,11,0.01849079132080078,533,0.011039972305297852,533,0.02601003646850586,533
18,92,11,11,0.0029294490814208984,499,0.0028634071350097656,499,0.004777669906616211,499
23,77,16,16,0.004831075668334961,484,0.004115581512451172,484,0.0009598731994628906,484
23,92,16,16,0.0074994564056396484,675,0.0047779083251953125,675,0.0009057521820068359,675
18,92,6,6,0.0020503997802734375,330,0.0032906532287597656,330,0.0053637027740478516,330
13,77,11,11,0.0005702972412109375,190,0.0007822513580322266,190,0.0020117759704589844,190
13,77,11,11,0.0007815361022949219,242,0.000743865966796875,242,0.00028395652770996094,242
18,82,21,21,0.0020716190338134766,330,0.0019774436950683594,330,0.004834651947021484,330
28,77,11,11,0.008779525756835938,450,0.004646778106689453,450,0.001020669937133789,450
13,87,6,6,0.000997304916381836,272,0.0018398761749267578,272,0.0003731250762939453,272
28,77,16,16,0.010315656661987305,717,0.006264209747314453,717,0.015085220336914062,717
33,82,16,16,0.020905017852783203,931,0.008782625198364258,931,0.023230314254760742,931
13,72,16,16,0.0006022453308105469,296,0.0014011859893798828,296,0.0017147064208984375,296
33,87,16,16,0.019462108612060547,678,0.009068012237548828,678,0.02516937255859375,678
28,82,21,21,0.01141357421875,674,0.005636453628540039,674,0.0011129379272460938,674
23,82,11,11,0.006488323211669922,624,0.0043184757232666016,624,0.0010941028594970703,624
33,87,26,26,0.024008750915527344,1210,0.013605833053588867,1210,0.0016722679138183594,1210
28,77,11,11,0.010688543319702148,721,0.006833314895629883,721,0.015542984008789062,721
28,77,16,16,0.009857892990112305,580,0.0070285797119140625,580,0.0158383846282959,580
28,82,6,6,0.011500835418701172,457,0.005028247833251953,457,0.017811059951782227,457
18,87,26,26,0.0034630298614501953,476,0.0016973018646240234,476,0.0005688667297363281,476
23,82,6,6,0.0059392452239990234,533,0.004637956619262695,533,0.010653972625732422,533
28,72,16,16,0.010297298431396484,720,0.007093667984008789,720,0.0009183883666992188,720
28,72,26,26,0.0063648223876953125,525,0.007658481597900391,525,0.014211654663085938,525
13,72,11,11,0.0006010532379150391,173,0.0007281303405761719,173,0.002433300018310547,173
13,82,11,11,0.000827789306640625,246,0.000728607177734375,246,0.00026917457580566406,246
33,77,26,26,0.017017841339111328,973,0.01174616813659668,973,0.02280402183532715,973
23,77,6,6,0.003261566162109375,340,0.0028085708618164062,340,0.008484125137329102,340
28,92,16,16,0.011825084686279297,819,0.006583690643310547,819,0.0012979507446289062,819
28,72,11,11,0.008135318756103516,449,0.004953622817993164,449,0.0009624958038330078,449
18,92,26,26,0.0026357173919677734,450,0.0022661685943603516,450,0.005068778991699219,450
18,72,16,16,0.0022478103637695312,321,0.0012004375457763672,321,0.00040340423583984375,321
23,72,11,11,0.004036426544189453,307,0.002190828323364258,307,0.0006132125854492188,307
18,77,21,21,0.0019676685333251953,375,0.0016970634460449219,375,0.00042057037353515625,375
33,92,16,16,0.02977919578552246,1056,0.012598276138305664,1056,0.026411771774291992,1056
33,92,26,26,0.02406907081604004,1182,0.012369394302368164,1182,0.0016911029815673828,1182
23,77,21,21,0.006059408187866211,589,0.0030100345611572266,589,0.0007832050323486328,589
23,82,26,26,0.005873680114746094,544,0.0034444332122802734,544,0.00932455062866211,544
13,87,6,6,0.0010156631469726562,219,0.0010192394256591797,219,0.0023827552795410156,219
18,82,26,26,0.002195596694946289,390,0.0013535022735595703,390,0.0004811286926269531,390
33,72,16,16,0.018244504928588867,845,0.009366750717163086,845,0.0012328624725341797,845
18,92,6,6,0.003099203109741211,419,0.0024597644805908203,419,0.0065996646881103516,419
28,72,6,6,0.008878469467163086,481,0.00437164306640625,481,0.0010914802551269531,481
18,82,11,11,0.0017881393432617188,181,0.0029234886169433594,181,0.005912303924560547,181
28,77,6,6,0.01166081428527832,605,0.006296873092651367,605,0.01327967643737793,605
23,72,21,21,0.00715947151184082,541,0.003913402557373047,541,0.0007579326629638672,541
33,87,11,11,0.017746925354003906,647,0.009222745895385742,647,0.0013899803161621094,647
23,87,26,26,0.0060389041900634766,692,0.004030704498291016,692,0.0006339550018310547,692
33,77,6,6,0.020809173583984375,813,0.010883808135986328,813,0.025022506713867188,813
33,72,11,11,0.013418197631835938,516,0.006833076477050781,516,0.023478984832763672,516
33,77,11,11,0.019802570343017578,724,0.007092714309692383,724,0.0013768672943115234,724
28,87,26,26,0.010749101638793945,819,0.0067903995513916016,819,0.01572394371032715,819
18,87,16,16,0.0030450820922851562,424,0.002695798873901367,424,0.004490852355957031,424
13,82,11,11,0.0008504390716552734,270,0.0014095306396484375,270,0.0021796226501464844,270
28,72,16,16,0.009039878845214844,610,0.006355762481689453,610,0.013917684555053711,610
33,92,21,21,0.025122642517089844,1272,0.011564016342163086,1272,0.027262210845947266,1272
23,92,11,11,0.006501913070678711,530,0.00516819953918457,530,0.0008091926574707031,530
13,72,26,26,0.0004646778106689453,154,0.00048160552978515625,154,0.0002181529998779297,154
23,92,11,11,0.007161855697631836,564,0.00602269172668457,564,0.010403633117675781,564
28,77,6,6,0.008748531341552734,443,0.006779670715332031,443,0.0011479854583740234,443
23,92,16,16,0.0070040225982666016,671,0.00527501106262207,671,0.000850677490234375,671
23,82,26,26,0.005815982818603516,552,0.0037577152252197266,552,0.0008702278137207031,552
13,92,16,16,0.001069784164428711,251,0.001150369644165039,251,0.0029544830322265625,251
18,92,26,26,0.0027365684509277344,522,0.0026099681854248047,522,0.005850791931152344,522
13,72,26,26,0.0009052753448486328,225,0.0009398460388183594,225,0.0021066665649414062,225
13,92,21,21,0.0010254383087158203,388,0.0009906291961669922,388,0.00202178955078125,388
28,92,11,11,0.016345977783203125,666,0.006330966949462891,666,0.0013899803161621094,666
28,87,21,21,0.011378765106201172,700,0.006123542785644531,700,0.0013055801391601562,700
23,72,6,6,0.004408836364746094,345,0.0030629634857177734,345,0.0006911754608154297,345
18,87,11,11,0.0024869441986083984,409,0.0021588802337646484,409,0.004886150360107422,409
28,82,6,6,0.01337432861328125,722,0.006766080856323242,722,0.001194000244140625,722
13,72,6,6,0.0008232593536376953,211,0.0016973018646240234,211,0.002157449722290039,211
13,82,16,16,0.0007700920104980469,294,0.0016338825225830078,294,0.0019519329071044922,294
13,77,21,21,0.0005352497100830078,222,0.0008611679077148438,222,0.002676248550415039,222
28,87,16,16,0.01124429702758789,642,0.00849294662475586,642,0.0018088817596435547,642
18,77,26,26,0.002056598663330078,277,0.001760721206665039,277,0.0006301403045654297,277
13,77,16,16,0.000553131103515625,219,0.0008475780487060547,219,0.0019059181213378906,219
28,87,11,11,0.011110544204711914,541,0.006755828857421875,541,0.0017461776733398438,541
13,92,26,26,0.001117706298828125,327,0.0017619132995605469,327,0.0024704933166503906,327
28,92,11,11,0.012435436248779297,818,0.0074388980865478516,818,0.018635034561157227,818
13,92,26,26,0.0010695457458496094,414,0.0010089874267578125,414,0.0003299713134765625,414
28,92,26,26,0.012896060943603516,932,0.007385730743408203,932,0.01787114143371582,932
18,72,6,6,0.002561330795288086,310,0.0031332969665527344,310,0.004399299621582031,310
13,92,16,16,0.0010721683502197266,389,0.001272439956665039,389,0.0004146099090576172,389
18,72,26,26,0.0025930404663085938,517,0.0019698143005371094,517,0.004057884216308594,517
13,92,26,26,0.0010504722595214844,310,0.0008668899536132812,310,0.00028634071350097656,310
23,77,26,26,0.005789756774902344,642,0.004114389419555664,642,0.008172035217285156,642
33,87,11,11,0.0242002010345459,894,0.011664628982543945,894,0.002123594284057617,894
23,92,11,11,0.007931947708129883,645,0.004179954528808594,645,0.0009081363677978516,645
33,77,26,26,0.01817464828491211,808,0.009554862976074219,808,0.001436471939086914,808
23,77,11,11,0.005700826644897461,525,0.004335641860961914,525,0.0007126331329345703,525
23,82,11,11,0.0035707950592041016,293,0.0020766258239746094,293,0.0006401538848876953,293
18,77,6,6,0.0019872188568115234,267,0.002447843551635742,267,0.0006580352783203125,267
23,87,11,11,0.007111310958862305,686,0.005528688430786133,686,0.0006620883941650391,686
18,92,16,16,0.0036525726318359375,536,0.002579212188720703,536,0.0006697177886962891,536
23,82,16,16,0.006350994110107422,557,0.003831624984741211,557,0.0008101463317871094,557
18,77,26,26,0.0023665428161621094,499,0.002164125442504883,499,0.004299163818359375,499
23,77,26,26,0.005949258804321289,520,0.00449061393737793,520,0.009817361831665039,520
13,77,21,21,0.0007424354553222656,208,0.0007240772247314453,208,0.001984119415283203,208
23,72,6,6,0.005631208419799805,457,0.004441738128662109,457,0.009139776229858398,457
18,72,11,11,0.0017397403717041016,287,0.002111673355102539,287,0.00449061393737793,287
33,72,16,16,0.01643657684326172,680,0.008169174194335938,680,0.02369523048400879,680
23,87,6,6,0.006601095199584961,467,0.0044977664947509766,467,0.009165287017822266,467
18,87,6,6,0.0033996105194091797,344,0.0022335052490234375,344,0.0005950927734375,344
23,92,6,6,0.007283210754394531,649,0.004645347595214844,649,0.0008544921875,649
33,77,11,11,0.014966249465942383,677,0.008705854415893555,677,0.02670598030090332,677
13,77,6,6,0.0006392002105712891,185,0.0012764930725097656,185,0.0003542900085449219,185
18,87,26,26,0.003639698028564453,619,0.0025861263275146484,619,0.004470109939575195,619
13,87,6,6,0.0010242462158203125,253,0.0011675357818603516,253,0.0003120899200439453,253
18,87,11,11,0.0022199153900146484,311,0.002236604690551758,311,0.0005331039428710938,311
33,72,11,11,0.018775463104248047,624,0.008759737014770508,624,0.0010471343994140625,624
33,77,11,11,0.02342391014099121,954,0.011901617050170898,954,0.027601957321166992,954
28,82,6,6,0.010584831237792969,748,0.008337259292602539,748,0.015872955322265625,748
23,82,11,11,0.006029605865478516,603,0.004405498504638672,603,0.009924173355102539,603
18,72,11,11,0.001771688461303711,315,0.0023345947265625,315,0.005303621292114258,315
18,92,16,16,0.0031659603118896484,542,0.002741575241088867,542,0.0006284713745117188,542
33,77,26,26,0.015623331069946289,778,0.01081705093383789,778,0.025536775588989258,778
18,92,16,16,0.002586841583251953,384,0.0023076534271240234,384,0.005095481872558594,384
33,82,16,16,0.01888561248779297,702,0.009852886199951172,702,0.02706289291381836,702
23,77,26,26,0.006263256072998047,694,0.004412412643432617,694,0.0007367134094238281,694
23,82,26,26,0.0055310726165771484,726,0.005147457122802734,726,0.009550809860229492,726
13,92,21,21,0.0011327266693115234,347,0.0009806156158447266,347,0.0003123283386230469,347
33,87,21,21,0.0213315486907959,824,0.00988912582397461,824,0.0021424293518066406,824
18,82,26,26,0.003165006637573242,502,0.002223968505859375,502,0.004039764404296875,502
33,87,26,26,0.022274255752563477,1106,0.011429548263549805,1106,0.028645753860473633,1106
28,72,11,11,0.008141279220581055,524,0.005487680435180664,524,0.0009627342224121094,524
28,77,26,26,0.009972333908081055,774,0.00814199447631836,774,0.022765636444091797,774
23,82,6,6,0.005308866500854492,418,0.004918098449707031,418,0.0008993148803710938,418
13,92,6,6,0.0009326934814453125,260,0.0014109611511230469,260,0.002040386199951172,260
23,87,26,26,0.007712841033935547,639,0.004046201705932617,639,0.0009028911590576172,639
33,77,16,16,0.020128965377807617,948,0.009703397750854492,948,0.02574014663696289,948
23,87,16,16,0.005591392517089844,541,0.0035424232482910156,541,0.009021997451782227,541
18,87,6,6,0.004154682159423828,366,0.0021669864654541016,366,0.0007045269012451172,366
13,87,26,26,0.001318216323852539,360,0.0015988349914550781,360,0.00037026405334472656,360
33,72,21,21,0.01750040054321289,757,0.00818777084350586,757,0.022220849990844727,757
23,92,21,21,0.006620645523071289,724,0.00666499137878418,724,0.009163379669189453,724
18,82,6,6,0.0034248828887939453,362,0.002551555633544922,362,0.004445075988769531,362
13,87,11,11,0.0009899139404296875,293,0.0011677742004394531,293,0.001667022705078125,293
18,77,11,11,0.0032215118408203125,207,0.0012879371643066406,207,0.0006859302520751953,207
28,82,6,6,0.015477418899536133,624,0.009381771087646484,624,0.0011448860168457031,624
13,77,26,26,0.0007777214050292969,297,0.0009210109710693359,297,0.0017931461334228516,297
18,72,21,21,0.002168893814086914,423,0.002057313919067383,423,0.004030942916870117,423
28,77,6,6,0.014194726943969727,737,0.007729053497314453,737,0.01688361167907715,737
18,87,21,21,0.0036802291870117188,484,0.003474712371826172,484,0.0006558895111083984,484
33,87,21,21,0.021955013275146484,1083,0.010788917541503906,1083,0.025066375732421875,1083
23,72,16,16,0.006096601486206055,542,0.0037751197814941406,542,0.008334159851074219,542
28,77,6,6,0.014162778854370117,554,0.007231235504150391,554,0.017310142517089844,554
13,87,16,16,0.000978708267211914,356,0.0011744499206542969,356,0.00025534629821777344,356
25,45,6,6,0.005452871322631836,314,0.005652189254760742,314,0.0009124279022216797,314
18,72,16,16,0.0022139549255371094,350,0.0019567012786865234,350,0.0006074905395507812,350
18,82,11,11,0.002361297607421875,370,0.0031197071075439453,370,0.0038633346557617188,370
23,72,21,21,0.004724979400634766,474,0.0033309459686279297,474,0.0006151199340820312,474
33,87,6,6,0.021630525588989258,805,0.011375188827514648,805,0.0018122196197509766,805
33,92,16,16,0.025681018829345703,1031,0.010394096374511719,1031,0.0017366409301757812,1031
23,77,6,6,0.005358457565307617,431,0.004263639450073242,431,0.008894205093383789,431
23,72,21,21,0.0041353702545166016,426,0.0033991336822509766,426,0.009463787078857422,426
33,77,21,21,0.018178462982177734,906,0.010959863662719727,906,0.024997711181640625,906
13,92,11,11,0.0011343955993652344,259,0.0009281635284423828,259,0.00020241737365722656,259
33,87,11,11,0.022824525833129883,689,0.01026153564453125,689,0.027656078338623047,689
23,72,6,6,0.005481243133544922,488,0.003797769546508789,488,0.0009987354278564453,488
13,82,21,21,0.0012960433959960938,380,0.001073598861694336,380,0.00036144256591796875,380
18,92,11,11,0.003137826919555664,405,0.0022754669189453125,405,0.005346775054931641,405
13,87,21,21,0.0008018016815185547,198,0.001039266586303711,198,0.00027871131896972656,198
28,92,16,16,0.011746883392333984,674,0.0072286128997802734,674,0.0021202564239501953,674
23,87,26,26,0.009192943572998047,693,0.0048465728759765625,693,0.0008859634399414062,693
28,92,6,6,0.021222352981567383,695,0.007179975509643555,695,0.017701148986816406,695
33,87,16,16,0.022836685180664062,1068,0.011385679244995117,1068,0.026315689086914062,1068
33,87,11,11,0.018256425857543945,754,0.010389328002929688,754,0.02391672134399414,754
33,72,26,26,0.01663994789123535,904,0.007636070251464844,904,0.0012099742889404297,904
23,77,21,21,0.0038967132568359375,608,0.004236459732055664,608,0.007747173309326172,608
33,77,6,6,0.014995336532592773,516,0.015295028686523438,516,0.023606300354003906,516
28,92,11,11,0.014801025390625,909,0.0068531036376953125,909,0.002142190933227539,909
28,87,21,21,0.009519577026367188,733,0.004922389984130859,733,0.0013573169708251953,733
33,82,21,21,0.020212411880493164,980,0.009600162506103516,980,0.027192115783691406,980
18,82,21,21,0.0018575191497802734,468,0.0025131702423095703,468,0.0005354881286621094,468
28,77,21,21,0.00874638557434082,666,0.007311344146728516,666,0.014822721481323242,666
33,72,6,6,0.01897907257080078,711,0.009943723678588867,711,0.022861957550048828,711
28,77,16,16,0.009203195571899414,549,0.006362438201904297,549,0.01934814453125,549
13,72,16,16,0.0004985332489013672,158,0.0008523464202880859,158,0.0023322105407714844,158
23,82,6,6,0.0076389312744140625,601,0.008224010467529297,601,0.00859832763671875,601
13,92,21,21,0.0011696815490722656,390,0.0010766983032226562,390,0.0003864765167236328,390
18,72,21,21,0.0021522045135498047,399,0.0020415782928466797,399,0.0005207061767578125,399
23,92,21,21,0.00864863395690918,816,0.006927967071533203,816,0.009180307388305664,816
18,92,6,6,0.003012418746948242,353,0.0042574405670166016,353,0.0056438446044921875,353
28,77,21,21,0.010479927062988281,475,0.005084037780761719,475,0.0016963481903076172,475
18,82,16,16,0.0022912025451660156,437,0.001714468002319336,437,0.00042057037353515625,437
23,92,21,21,0.006163835525512695,597,0.004190921783447266,597,0.00968027114868164,597
23,87,11,11,0.007864713668823242,780,0.0066165924072265625,780,0.008998870849609375,780
23,77,16,16,0.005036354064941406,486,0.0032203197479248047,486,0.0008168220520019531,486
33,77,11,11,0.019927978515625,571,0.009825944900512695,571,0.022899627685546875,571
18,82,16,16,0.002227306365966797,366,0.0022516250610351562,366,0.004598140716552734,366
13,77,26,26,0.0012555122375488281,337,0.001035928726196289,337,0.0016751289367675781,337
28,72,16,16,0.010518312454223633,643,0.007191896438598633,643,0.0010890960693359375,643
25,45,6,6,0.00252532958984375,230,0.0027370452880859375,230,0.008052349090576172,230
33,82,26,26,0.020339250564575195,933,0.009194135665893555,933,0.025291919708251953,933
23,77,6,6,0.0048830509185791016,366,0.003820657730102539,366,0.00851583480834961,366
23,82,6,6,0.007841825485229492,443,0.0031316280364990234,443,0.010149478912353516,443
13,82,26,26,0.0007874965667724609,268,0.0009908676147460938,268,0.00183868408203125,268
23,77,11,11,0.006560325622558594,565,0.004263877868652344,565,0.0007824897766113281,565
18,82,6,6,0.002481222152709961,315,0.002361774444580078,315,0.004676103591918945,315
33,87,6,6,0.022908449172973633,859,0.00941324234008789,859,0.0015304088592529297,859
33,87,26,26,0.020447254180908203,922,0.008897781372070312,922,0.02575397491455078,922
28,82,11,11,0.011271476745605469,617,0.007792234420776367,617,0.013748645782470703,617
33,72,11,11,0.016044139862060547,833,0.012089967727661133,833,0.023970603942871094,833
28,87,11,11,0.012938737869262695,702,0.0067751407623291016,702,0.014789581298828125,702
23,82,11,11,0.006123542785644531,603,0.0070002079010009766,603,0.007950305938720703,603
18,92,21,21,0.003065824508666992,515,0.002454042434692383,515,0.0004553794860839844,515
33,72,16,16,0.017355680465698242,710,0.008950233459472656,710,0.02127361297607422,710
28,92,26,26,0.012845754623413086,698,0.005856990814208984,698,0.0014541149139404297,698
18,82,6,6,0.0031938552856445312,374,0.0025789737701416016,374,0.00044083595275878906,374
23,72,26,26,0.005660057067871094,505,0.0036411285400390625,505,0.0007853507995605469,505
18,82,6,6,0.00194549560546875,256,0.001468658447265625,256,0.00503849983215332,256
33,92,21,21,0.025583744049072266,964,0.009685754776000977,964,0.00173187255859375,964
18,77,16,16,0.0028448104858398438,382,0.0022857189178466797,382,0.000476837158203125,382
18,82,16,16,0.003015279769897461,312,0.0022025108337402344,312,0.0005764961242675781,312
28,77,26,26,0.011991024017333984,679,0.005070209503173828,679,0.015678882598876953,679
28,82,11,11,0.013390779495239258,653,0.008758783340454102,653,0.0011205673217773438,653
13,92,11,11,0.0012221336364746094,367,0.002000570297241211,367,0.0018110275268554688,367
13,77,26,26,0.0007786750793457031,333,0.00089263916015625,333,0.0019266605377197266,333
28,72,16,16,0.008970022201538086,531,0.00658106803894043,531,0.015933990478515625,531
13,82,16,16,0.0011696815490722656,352,0.0012617111206054688,352,0.0003647804260253906,352
23,72,11,11,0.0028352737426757812,337,0.0020973682403564453,337,0.011054277420043945,337
18,72,26,26,0.002384662628173828,433,0.0020875930786132812,433,0.004061460494995117,433
33,77,6,6,0.023169279098510742,633,0.01015782356262207,633,0.024837017059326172,633
33,77,21,21,0.016391754150390625,708,0.008944511413574219,708,0.023056983947753906,708
28,92,26,26,0.012904167175292969,799,0.005944013595581055,799,0.0012848377227783203,799
23,92,16,16,0.006559610366821289,639,0.004466533660888672,639,0.008540868759155273,639
18,72,21,21,0.0028574466705322266,424,0.0024678707122802734,424,0.003506183624267578,424
33,77,21,21,0.015893220901489258,736,0.0067539215087890625,736,0.023417949676513672,736
33,72,21,21,0.011651277542114258,645,0.0075092315673828125,645,0.02228236198425293,645
28,87,21,21,0.012617349624633789,895,0.006966590881347656,895,0.0011136531829833984,895
18,92,21,21,0.003196239471435547,504,0.003802776336669922,504,0.004737138748168945,504
18,92,11,11,0.003168821334838867,567,0.0028727054595947266,567,0.0005764961242675781,567
23,72,16,16,0.004359006881713867,403,0.002419710159301758,403,0.0006630420684814453,403
18,72,21,21,0.0017290115356445312,409,0.0018455982208251953,409,0.00035643577575683594,409
28,72,11,11,0.008917570114135742,664,0.007013082504272461,664,0.013367176055908203,664
18,87,6,6,0.0032186508178710938,439,0.0024538040161132812,439,0.003942251205444336,439
33,82,21,21,0.017285585403442383,741,0.006932973861694336,741,0.0014433860778808594,741
13,77,16,16,0.000713348388671875,214,0.0007450580596923828,214,0.00021409988403320312,214
23,72,26,26,0.0034761428833007812,562,0.0031135082244873047,562,0.0007390975952148438,562
28,87,6,6,0.01244211196899414,479,0.006917238235473633,479,0.0011982917785644531,479
28,72,6,6,0.007816314697265625,568,0.004956245422363281,568,0.0009441375732421875,568
18,82,6,6,0.002155780792236328,296,0.0017402172088623047,296,0.0005791187286376953,296
28,82,21,21,0.011271238327026367,743,0.006142616271972656,743,0.014858007431030273,743
28,92,16,16,0.015281915664672852,793,0.006848335266113281,793,0.01771259307861328,793
13,72,16,16,0.0008213520050048828,275,0.0008499622344970703,275,0.001737356185913086,275
13,72,21,21,0.0005066394805908203,169,0.0006997585296630859,169,0.0002148151397705078,169
28,72,21,21,0.00884246826171875,649,0.005542755126953125,649,0.014402389526367188,649
33,77,21,21,0.021538257598876953,998,0.00935053825378418,998,0.0016026496887207031,998
33,77,11,11,0.013883590698242188,610,0.007607936859130859,610,0.022013187408447266,610
28,82,11,11,0.013021707534790039,612,0.007845640182495117,612,0.014489173889160156,612
33,87,16,16,0.02306199073791504,1051,0.012147188186645508,1051,0.0014793872833251953,1051
28,92,11,11,0.016488075256347656,927,0.006322383880615234,927,0.00128936767578125,927
33,72,6,6,0.01594400405883789,544,0.010066032409667969,544,0.0010986328125,544
18,87,11,11,0.0022194385528564453,320,0.0018985271453857422,320,0.0004737377166748047,320
13,92,16,16,0.0010149478912353516,291,0.0008029937744140625,291,0.0002899169921875,291
28,87,26,26,0.015671730041503906,854,0.005426168441772461,854,0.0010652542114257812,854
28,92,21,21,0.0113983154296875,735,0.005621194839477539,735,0.015423774719238281,735
33,92,26,26,0.023604393005371094,905,0.008576631546020508,905,0.001575469970703125,905
13,82,11,11,0.0010135173797607422,279,0.0010902881622314453,279,0.00025773048400878906,279
28,77,26,26,0.00848531723022461,758,0.005900859832763672,758,0.0015184879302978516,758
18,72,11,11,0.0013380050659179688,223,0.0017862319946289062,223,0.0038836002349853516,223
28,87,11,11,0.01273655891418457,748,0.007356405258178711,748,0.0012447834014892578,748
13,82,16,16,0.0008380413055419922,301,0.0011396408081054688,301,0.0016336441040039062,301
23,92,6,6,0.008293390274047852,536,0.005629301071166992,536,0.009291887283325195,536
28,92,21,21,0.01192164421081543,851,0.007859945297241211,851,0.017687082290649414,851
33,82,21,21,0.021218061447143555,969,0.010551214218139648,969,0.025897502899169922,969
13,77,11,11,0.0009310245513916016,232,0.0007805824279785156,232,0.0003254413604736328,232
25,45,11,11,0.0035533905029296875,198,0.003354310989379883,198,0.0006053447723388672,198
33,72,21,21,0.019119739532470703,744,0.009227991104125977,744,0.0010058879852294922,744
23,82,16,16,0.0057773590087890625,508,0.003760814666748047,508,0.009264469146728516,508
13,92,21,21,0.0008230209350585938,321,0.001308441162109375,321,0.0019850730895996094,321
28,77,6,6,0.014046907424926758,678,0.005684852600097656,678,0.0013263225555419922,678
33,82,11,11,0.021688461303710938,872,0.011602401733398438,872,0.002319812774658203,872
33,77,16,16,0.022994518280029297,821,0.007737636566162109,821,0.02275252342224121,821
13,92,16,16,0.0008957386016845703,313,0.0010068416595458984,313,0.0003082752227783203,313
28,72,26,26,0.009800195693969727,651,0.006713151931762695,651,0.015817642211914062,651
23,87,16,16,0.005685329437255859,563,0.0038623809814453125,563,0.009732246398925781,563
23,87,6,6,0.0077855587005615234,465,0.003704547882080078,465,0.0010769367218017578,465
23,77,21,21,0.006620168685913086,667,0.005355119705200195,667,0.0077250003814697266,667
23,72,16,16,0.006415367126464844,658,0.00530695915222168,658,0.00735020637512207,658
23,77,21,21,0.00420689582824707,493,0.003210306167602539,493,0.009268522262573242,493
33,92,16,16,0.024535179138183594,894,0.010901212692260742,894,0.03131723403930664,894
18,87,6,6,0.0024309158325195312,485,0.004243373870849609,485,0.004669189453125,485
13,77,6,6,0.0015444755554199219,300,0.0012125968933105469,300,0.0025174617767333984,300
13,82,26,26,0.0005605220794677734,240,0.0007450580596923828,240,0.002773761749267578,240
23,82,21,21,0.005384922027587891,609,0.004892587661743164,609,0.0007598400115966797,609
18,77,16,16,0.0014810562133789062,302,0.0019273757934570312,302,0.004514217376708984,302
13,87,6,6,0.0008697509765625,167,0.0009052753448486328,167,0.0002875328063964844,167
33,77,6,6,0.014794588088989258,561,0.00859832763671875,561,0.030678987503051758,561
18,77,11,11,0.00235748291015625,444,0.0022840499877929688,444,0.004940032958984375,444
25,45,1,1,0.00618433952331543,265,0.004082441329956055,265,0.0009222030639648438,265
23,72,16,16,0.005309343338012695,466,0.0033676624298095703,466,0.007505178451538086,466
33,72,16,16,0.01959848403930664,786,0.008697986602783203,786,0.0012340545654296875,786
28,92,6,6,0.014888286590576172,572,0.007368326187133789,572,0.019133329391479492,572
23,82,21,21,0.005605936050415039,571,0.004346132278442383,571,0.0011391639709472656,571
18,82,26,26,0.002186298370361328,481,0.0018875598907470703,481,0.00450587272644043,481
23,82,16,16,0.0046465396881103516,527,0.00469970703125,527,0.0007143020629882812,527
13,92,11,11,0.001089334487915039,240,0.0013887882232666016,240,0.00030112266540527344,240
18,87,26,26,0.0027434825897216797,514,0.0023360252380371094,514,0.004372835159301758,514
33,77,16,16,0.019385576248168945,1025,0.011868476867675781,1025,0.024760961532592773,1025
18,72,6,6,0.0021948814392089844,264,0.002386808395385742,264,0.0005879402160644531,264
23,72,11,11,0.004224061965942383,378,0.0034689903259277344,378,0.009224414825439453,378
13,72,21,21,0.0004296302795410156,208,0.0013759136199951172,208,0.0015976428985595703,208
18,92,6,6,0.003988027572631836,635,0.00341033935546875,635,0.0006799697875976562,635
23,72,26,26,0.0041539669036865234,532,0.005079507827758789,532,0.008311986923217773,532
28,77,16,16,0.010725975036621094,733,0.008430957794189453,733,0.015160083770751953,733
28,82,21,21,0.012349367141723633,773,0.006392478942871094,773,0.0012080669403076172,773
33,92,11,11,0.028892040252685547,852,0.009739875793457031,852,0.0016903877258300781,852
13,82,26,26,0.0009183883666992188,416,0.0011949539184570312,416,0.0003514289855957031,416
33,72,6,6,0.010556221008300781,393,0.006454944610595703,393,0.02494645118713379,393
33,92,6,6,0.025219440460205078,813,0.010615348815917969,813,0.0018167495727539062,813
18,92,16,16,0.003171682357788086,585,0.0025157928466796875,585,0.0006353855133056641,585
33,82,21,21,0.02078723907470703,869,0.01054239273071289,869,0.0016524791717529297,869
28,92,11,11,0.014215469360351562,649,0.0066852569580078125,649,0.0012288093566894531,649
28,87,26,26,0.012995481491088867,813,0.006484270095825195,813,0.017052412033081055,813
33,82,16,16,0.023514747619628906,920,0.009439229965209961,920,0.0017468929290771484,920
28,87,26,26,0.014641046524047852,1033,0.00739288330078125,1033,0.0011630058288574219,1033
13,77,21,21,0.00133514404296875,349,0.0011889934539794922,349,0.001691579818725586,349
33,82,6,6,0.019726991653442383,666,0.012084245681762695,666,0.02672553062438965,666
13,82,6,6,0.0014045238494873047,213,0.0014078617095947266,213,0.0031554698944091797,213
33,82,6,6,0.022835254669189453,791,0.011617660522460938,791,0.001800537109375,791
28,72,21,21,0.008066892623901367,536,0.0059702396392822266,536,0.013645648956298828,536
13,72,6,6,0.0009405612945556641,162,0.0007033348083496094,162,0.0002503395080566406,162
33,82,6,6,0.02353978157043457,788,0.009171247482299805,788,0.00154876708984375,788
23,87,21,21,0.00651097297668457,581,0.003985881805419922,581,0.0008604526519775391,581
18,72,16,16,0.002140522003173828,359,0.0017137527465820312,359,0.0045299530029296875,359
13,72,11,11,0.0005545616149902344,166,0.0006971359252929688,166,0.0002765655517578125,166
33,77,16,16,0.01960587501525879,821,0.011800289154052734,821,0.024407386779785156,821
28,77,16,16,0.008956193923950195,705,0.005683422088623047,705,0.017015933990478516,705
33,82,26,26,0.022799253463745117,994,0.010587930679321289,994,0.026382923126220703,994
33,87,16,16,0.021263599395751953,769,0.008858919143676758,769,0.0015251636505126953,769
33,72,26,26,0.020017385482788086,815,0.009057283401489258,815,0.0015454292297363281,815
28,72,6,6,0.01306462287902832,701,0.006056785583496094,701,0.013416767120361328,701
13,77,21,21,0.0006630420684814453,219,0.0008862018585205078,219,0.002061128616333008,219
23,77,16,16,0.0050966739654541016,501,0.003942012786865234,501,0.0007059574127197266,501
28,92,21,21,0.023360490798950195,921,0.013840675354003906,921,0.025216102600097656,921
28,77,21,21,0.009831428527832031,726,0.006477832794189453,726,0.012741327285766602,726
13,72,16,16,0.0005481243133544922,90,0.001003265380859375,90,0.001979351043701172,90
28,77,21,21,0.009778261184692383,672,0.004596233367919922,672,0.00140380859375,672
13,72,6,6,0.0007727146148681641,222,0.0007557868957519531,222,0.0002777576446533203,222
23,82,11,11,0.008645772933959961,516,0.003477811813354492,516,0.0010828971862792969,516
18,82,11,11,0.0020236968994140625,363,0.0015950202941894531,363,0.00041794776916503906,363
23,82,6,6,0.005778312683105469,368,0.005795955657958984,368,0.00904703140258789,368
28,72,26,26,0.010550737380981445,758,0.00587773323059082,758,0.001001119613647461,758
28,87,21,21,0.012664556503295898,629,0.006461620330810547,629,0.0015132427215576172,629
13,92,6,6,0.0008471012115478516,306,0.001268148422241211,306,0.0020999908447265625,306
13,77,26,26,0.0009462833404541016,344,0.0021927356719970703,344,0.0017085075378417969,344
23,87,11,11,0.0056459903717041016,460,0.005005598068237305,460,0.009773731231689453,460
18,72,6,6,0.0027103424072265625,361,0.002828359603881836,361,0.0044744014739990234,361
28,92,16,16,0.015202045440673828,901,0.006559610366821289,901,0.0013015270233154297,901
28,77,26,26,0.01304316520690918,752,0.006356239318847656,752,0.01618504524230957,752
18,87,16,16,0.002582073211669922,492,0.002654552459716797,492,0.004250764846801758,492
18,92,21,21,0.003851175308227539,510,0.002995014190673828,510,0.007070064544677734,510
28,92,26,26,0.014297008514404297,1031,0.008187294006347656,1031,0.0013375282287597656,1031
33,92,6,6,0.025262832641601562,703,0.012926578521728516,703,0.0017676353454589844,703
13,92,16,16,0.0011603832244873047,357,0.0007190704345703125,357,0.0003407001495361328,357
33,92,21,21,0.027100086212158203,989,0.012111902236938477,989,0.0018341541290283203,989
28,92,16,16,0.015192985534667969,826,0.00795602798461914,826,0.016208887100219727,826
23,87,26,26,0.007799863815307617,809,0.006674051284790039,809,0.011128664016723633,809
18,72,16,16,0.003369569778442383,374,0.0021042823791503906,374,0.004880666732788086,374
13,92,6,6,0.0011658668518066406,267,0.0010952949523925781,267,0.00033664703369140625,267
28,87,16,16,0.012073516845703125,618,0.00858306884765625,618,0.01763629913330078,618
33,92,26,26,0.025521278381347656,958,0.008136749267578125,958,0.001863241195678711,958
23,82,26,26,0.007399797439575195,810,0.005074501037597656,810,0.009045839309692383,810
18,87,21,21,0.003314971923828125,334,0.0017938613891601562,334,0.0004937648773193359,334
13,77,6,6,0.0006866455078125,233,0.0010204315185546875,233,0.002089977264404297,233
13,92,21,21,0.0016217231750488281,374,0.0012874603271484375,374,0.00037550926208496094,374
28,72,21,21,0.01378178596496582,721,0.006016731262207031,721,0.001062154769897461,721
23,87,11,11,0.005250215530395508,485,0.0040187835693359375,485,0.010182857513427734,485
13,82,16,16,0.0010704994201660156,319,0.0013239383697509766,319,0.0018525123596191406,319
33,72,26,26,0.018777132034301758,896,0.008710622787475586,896,0.025910139083862305,896
33,92,21,21,0.027376890182495117,1059,0.014146566390991211,1059,0.0025064945220947266,1059
33,82,26,26,0.02171802520751953,1072,0.00913548469543457,1072,0.025452136993408203,1072
13,92,11,11,0.001257181167602539,393,0.0014777183532714844,393,0.0019021034240722656,393
33,92,11,11,0.035215139389038086,1105,0.01566004753112793,1105,0.0024738311767578125,1105
33,92,21,21,0.027324676513671875,904,0.012060403823852539,904,0.001817464828491211,904
13,82,6,6,0.0008518695831298828,240,0.0008642673492431641,240,0.00030517578125,240
18,77,6,6,0.003386259078979492,314,0.0018963813781738281,314,0.0006628036499023438,314
33,77,26,26,0.01975107192993164,968,0.010777711868286133,968,0.0257570743560791,968
28,82,26,26,0.011986970901489258,773,0.008890151977539062,773,0.019369840621948242,773
28,72,11,11,0.008746862411499023,419,0.00488591194152832,419,0.015816926956176758,419
28,82,21,21,0.010583877563476562,783,0.006691694259643555,783,0.0012905597686767578,783
18,77,11,11,0.0027964115142822266,438,0.002012014389038086,438,0.0043697357177734375,438
28,72,6,6,0.008644580841064453,433,0.007974386215209961,433,0.01571512222290039,433
13,82,6,6,0.0006122589111328125,158,0.0009355545043945312,158,0.0023059844970703125,158
13,72,11,11,0.001379251480102539,204,0.0009708404541015625,204,0.0022242069244384766,204
18,77,21,21,0.0022110939025878906,392,0.0024797916412353516,392,0.0003616809844970703,392
23,77,11,11,0.007357358932495117,496,0.003983497619628906,496,0.0007603168487548828,496
23,92,26,26,0.006242513656616211,588,0.00415349006652832,588,0.01050424575805664,588
18,92,11,11,0.0041081905364990234,433,0.0025920867919921875,433,0.004803657531738281,433
25,45,1,1,0.003951549530029297,142,0.0024619102478027344,142,0.0005426406860351562,142
13,82,21,21,0.0006527900695800781,269,0.0012061595916748047,269,0.0027420520782470703,269
18,87,21,21,0.0026807785034179688,456,0.001968860626220703,456,0.005408287048339844,456
18,72,26,26,0.00193023681640625,446,0.002371549606323242,446,0.0041005611419677734,446
23,92,26,26,0.008253097534179688,767,0.0043523311614990234,767,0.0009090900421142578,767
13,87,11,11,0.0010221004486083984,188,0.0006988048553466797,188,0.00040459632873535156,188
23,72,11,11,0.00529932975769043,471,0.004189729690551758,471,0.0008008480072021484,471
28,77,26,26,0.01154947280883789,863,0.0075969696044921875,863,0.014339923858642578,863
13,87,26,26,0.0014126300811767578,392,0.0010700225830078125,392,0.0002930164337158203,392
18,77,6,6,0.0033915042877197266,386,0.0018041133880615234,386,0.0005011558532714844,386
33,72,26,26,0.018489837646484375,912,0.008436441421508789,912,0.021323442459106445,912
13,77,11,11,0.0011909008026123047,335,0.0012516975402832031,335,0.0019922256469726562,335
28,82,16,16,0.010190963745117188,736,0.007108449935913086,736,0.01658034324645996,736
13,87,26,26,0.0015137195587158203,328,0.0009410381317138672,328,0.0003199577331542969,328
18,92,21,21,0.0030705928802490234,634,0.003225564956665039,634,0.005110979080200195,634
18,72,6,6,0.0025420188903808594,385,0.0020132064819335938,385,0.0005788803100585938,385
23,82,21,21,0.0064465999603271484,635,0.005396366119384766,635,0.00970458984375,635
13,72,6,6,0.0009644031524658203,185,0.0008225440979003906,185,0.0002713203430175781,185
23,77,6,6,0.003601551055908203,437,0.004199028015136719,437,0.009629487991333008,437
13,72,11,11,0.0010292530059814453,380,0.0010819435119628906,380,0.00036716461181640625,380
33,87,16,16,0.024239063262939453,781,0.009772777557373047,781,0.0014922618865966797,781
18,92,6,6,0.004173994064331055,478,0.003017902374267578,478,0.0007193088531494141,478
28,72,26,26,0.009940147399902344,577,0.005592823028564453,577,0.000997304916381836,577
25,45,1,1,0.0018811225891113281,114,0.002644062042236328,114,0.008916616439819336,114
28,87,6,6,0.015611886978149414,544,0.00569915771484375,544,0.00115203857421875,544
13,87,11,11,0.0015339851379394531,295,0.0018672943115234375,295,0.0003428459167480469,295
23,72,6,6,0.003491640090942383,333,0.0030951499938964844,333,0.010235071182250977,333
28,82,16,16,0.014966487884521484,884,0.007083415985107422,884,0.0012543201446533203,884
13,72,26,26,0.001161336898803711,304,0.0012929439544677734,304,0.0015940666198730469,304
33,87,26,26,0.02355480194091797,1046,0.012876510620117188,1046,0.02691030502319336,1046
33,72,11,11,0.016951560974121094,555,0.010707855224609375,555,0.0014202594757080078,555
23,92,26,26,0.006069183349609375,599,0.0045201778411865234,599,0.010217905044555664,599
23,87,21,21,0.006327629089355469,568,0.005181550979614258,568,0.010106325149536133,568
18,77,26,26,0.0025730133056640625,418,0.0024776458740234375,418,0.0004258155822753906,418
28,92,21,21,0.014353513717651367,807,0.00804758071899414,807,0.001359701156616211,807
13,92,26,26,0.001188516616821289,404,0.001277923583984375,404,0.002095937728881836,404
18,77,26,26,0.0022199153900146484,423,0.002588033676147461,423,0.0056993961334228516,423
23,92,11,11,0.008840322494506836,796,0.006876468658447266,796,0.010755777359008789,796
23,87,6,6,0.006979703903198242,596,0.004653215408325195,596,0.0009174346923828125,596
13,87,21,21,0.00095367431640625,278,0.0011620521545410156,278,0.0020208358764648438,278
23,87,26,26,0.006916046142578125,755,0.004289150238037109,755,0.010983943939208984,755
28,87,26,26,0.012298107147216797,845,0.010037422180175781,845,0.0010447502136230469,845
33,72,16,16,0.022046804428100586,776,0.008878946304321289,776,0.0013587474822998047,776
13,87,26,26,0.0008423328399658203,229,0.0009570121765136719,229,0.00029778480529785156,229
18,72,26,26,0.0016245841979980469,346,0.0018801689147949219,346,0.004651308059692383,346
33,92,11,11,0.026366472244262695,883,0.009632587432861328,883,0.0017137527465820312,883
13,87,11,11,0.0009989738464355469,217,0.001049041748046875,217,0.00035190582275390625,217
28,82,16,16,0.013640642166137695,744,0.006358623504638672,744,0.0009784698486328125,744
28,82,6,6,0.014436483383178711,556,0.0068514347076416016,556,0.0015435218811035156,556
23,87,11,11,0.005456447601318359,371,0.004208564758300781,371,0.011288642883300781,371
18,82,26,26,0.002649068832397461,489,0.002714395523071289,489,0.004677534103393555,489
13,92,11,11,0.0010344982147216797,289,0.0018548965454101562,289,0.002413034439086914,289
23,92,6,6,0.0065457820892333984,413,0.0051920413970947266,413,0.011105060577392578,413
13,72,16,16,0.0008013248443603516,278,0.0005919933319091797,278,0.0002961158752441406,278
33,92,16,16,0.02668595314025879,810,0.01107478141784668,810,0.002670764923095703,810
33,92,6,6,0.0225827693939209,746,0.009392261505126953,746,0.03207802772521973,746
13,92,26,26,0.0010106563568115234,459,0.0009181499481201172,459,0.0016493797302246094,459
33,72,26,26,0.010593652725219727,614,0.007282733917236328,614,0.01895308494567871,614
33,82,26,26,0.021271705627441406,1032,0.013330936431884766,1032,0.024559497833251953,1032
18,87,21,21,0.0037441253662109375,654,0.004807710647583008,654,0.005968809127807617,654
13,82,11,11,0.0009634494781494141,240,0.0008792877197265625,240,0.00032782554626464844,240
18,87,16,16,0.003050565719604492,478,0.0025272369384765625,478,0.005280256271362305,478
23,87,21,21,0.0076446533203125,718,0.005006551742553711,718,0.0011887550354003906,718
18,77,21,21,0.002495288848876953,432,0.00234222412109375,432,0.00047898292541503906,432
28,82,26,26,0.011587858200073242,747,0.005108356475830078,747,0.016211748123168945,747
18,92,26,26,0.004001617431640625,621,0.0029413700103759766,621,0.005262136459350586,621
25,45,6,6,0.0014111995697021484,98,0.0032503604888916016,98,0.008124113082885742,98
13,82,26,26,0.0007801055908203125,344,0.00084686279296875,344,0.00035762786865234375,344
13,87,21,21,0.0010724067687988281,345,0.001499176025390625,345,0.0003457069396972656,345
13,72,6,6,0.0005512237548828125,144,0.0010488033294677734,144,0.002017974853515625,144
23,72,11,11,0.006633758544921875,438,0.003936052322387695,438,0.0008804798126220703,438
33,82,26,26,0.024667739868164062,913,0.009734392166137695,913,0.0013580322265625,913
18,72,11,11,0.0020704269409179688,292,0.003270387649536133,292,0.0005698204040527344,292
33,92,16,16,0.02843642234802246,1090,0.011944770812988281,1090,0.02838444709777832,1090
13,87,11,11,0.0010673999786376953,354,0.0013279914855957031,354,0.0022292137145996094,354
13,77,16,16,0.0006113052368164062,224,0.0010132789611816406,224,0.0002636909484863281,224
18,92,26,26,0.003322124481201172,686,0.0027201175689697266,686,0.0006721019744873047,686
18,77,16,16,0.0017213821411132812,304,0.0018801689147949219,304,0.0004057884216308594,304
28,92,6,6,0.013419389724731445,755,0.007326602935791016,755,0.018214941024780273,755
23,72,21,21,0.0050487518310546875,469,0.0038428306579589844,469,0.008991718292236328,469
28,82,11,11,0.012183427810668945,694,0.00705265998840332,694,0.015895605087280273,694
28,82,26,26,0.012231826782226562,873,0.006711483001708984,873,0.01858663558959961,873
33,82,21,21,0.020476341247558594,999,0.012731075286865234,999,0.027123451232910156,999
28,87,6,6,0.01172780990600586,558,0.007451772689819336,558,0.018545866012573242,558
18,72,16,16,0.0017342567443847656,361,0.002531766891479492,361,0.005491495132446289,361
18,82,11,11,0.0032167434692382812,375,0.0021839141845703125,375,0.005452156066894531,375
33,72,6,6,0.02318096160888672,701,0.011226654052734375,701,0.023302078247070312,701
33,82,11,11,0.0207211971282959,841,0.012211322784423828,841,0.025603294372558594,841
33,87,6,6,0.02501964569091797,650,0.013106107711791992,650,0.001947641372680664,650
23,92,6,6,0.006787300109863281,633,0.004633426666259766,633,0.000980377197265625,633
28,82,26,26,0.012186765670776367,720,0.0077190399169921875,720,0.0011272430419921875,720
23,92,16,16,0.009113073348999023,720,0.006104946136474609,720,0.010435342788696289,720
18,82,16,16,0.003663301467895508,577,0.0031011104583740234,577,0.0005624294281005859,577
33,82,11,11,0.01840043067932129,669,0.010101318359375,669,0.02490544319152832,669
23,92,26,26,0.008495569229125977,887,0.005532503128051758,887,0.0007598400115966797,887
23,82,26,26,0.009740591049194336,574,0.0035283565521240234,574,0.009891510009765625,574
28,87,11,11,0.01464080810546875,760,0.00745391845703125,760,0.017095088958740234,760
23,92,11,11,0.008163928985595703,547,0.006519794464111328,547,0.0008866786956787109,547
28,77,21,21,0.009103059768676758,681,0.004874706268310547,681,0.016570329666137695,681
13,87,21,21,0.0011317729949951172,377,0.0013728141784667969,377,0.0019462108612060547,377
28,77,11,11,0.015182733535766602,696,0.007861137390136719,696,0.014910459518432617,696
33,87,6,6,0.023407697677612305,656,0.010061979293823242,656,0.0014600753784179688,656
33,92,11,11,0.022823572158813477,905,0.012103080749511719,905,0.0019192695617675781,905
33,72,6,6,0.01596355438232422,619,0.010273218154907227,619,0.025275230407714844,619
23,87,16,16,0.006287813186645508,654,0.004176139831542969,654,0.00992131233215332,654
33,87,21,21,0.024944782257080078,802,0.011698484420776367,802,0.0015921592712402344,802
33,92,6,6,0.021492958068847656,669,0.010616064071655273,669,0.034310102462768555,669
28,92,26,26,0.013700008392333984,1066,0.009818315505981445,1066,0.016904592514038086,1066
18,87,16,16,0.0027828216552734375,543,0.002292633056640625,543,0.0064239501953125,543
33,77,6,6,0.019585609436035156,773,0.009132862091064453,773,0.025389432907104492,773
28,72,26,26,0.010248184204101562,608,0.004628896713256836,608,0.0010190010070800781,608
28,72,16,16,0.007367372512817383,511,0.0055980682373046875,511,0.017925024032592773,511
23,77,21,21,0.006867170333862305,678,0.006316423416137695,678,0.00083160400390625,678
28,87,21,21,0.01600050926208496,856,0.009275674819946289,856,0.0010411739349365234,856
28,87,16,16,0.011298179626464844,725,0.007909536361694336,725,0.018069028854370117,725
23,82,16,16,0.007166624069213867,607,0.00400996208190918,607,0.0009202957153320312,607
18,77,11,11,0.0037717819213867188,355,0.0022416114807128906,355,0.0004649162292480469,355
18,72,6,6,0.002577066421508789,391,0.00308990478515625,391,0.0053904056549072266,391
18,77,11,11,0.0029723644256591797,432,0.0029723644256591797,432,0.004271030426025391,432
33,82,11,11,0.01950836181640625,706,0.008592367172241211,706,0.0016179084777832031,706
23,87,21,21,0.00709986686706543,656,0.00439143180847168,656,0.0007059574127197266,656
23,72,26,26,0.004624843597412109,692,0.004949092864990234,692,0.009486675262451172,692
13,82,11,11,0.0006201267242431641,187,0.001157522201538086,187,0.0015821456909179688,187
23,92,21,21,0.007161378860473633,768,0.004704475402832031,768,0.0010349750518798828,768
13,87,26,26,0.0011763572692871094,382,0.0013086795806884766,382,0.0003921985626220703,382
18,87,11,11,0.00500035285949707,422,0.0036618709564208984,422,0.0005130767822265625,422
33,92,11,11,0.022151470184326172,718,0.010409116744995117,718,0.028276681900024414,718
18,87,6,6,0.0042994022369384766,446,0.00235748291015625,446,0.0006337165832519531,446
33,82,6,6,0.020356178283691406,642,0.008182287216186523,642,0.0019373893737792969,642
13,92,6,6,0.0012340545654296875,320,0.0014252662658691406,320,0.0020885467529296875,320
33,92,26,26,0.02694225311279297,1176,0.013775825500488281,1176,0.027608633041381836,1176
13,72,11,11,0.0010499954223632812,263,0.0012557506561279297,263,0.0016291141510009766,263
23,77,11,11,0.005398750305175781,554,0.0040552616119384766,554,0.01041412353515625,554
33,77,26,26,0.017653942108154297,982,0.013313531875610352,982,0.023997068405151367,982
18,87,16,16,0.004622459411621094,481,0.004109621047973633,481,0.0006029605865478516,481
28,82,16,16,0.012463569641113281,702,0.008838415145874023,702,0.019606590270996094,702
18,87,26,26,0.0033206939697265625,558,0.002925395965576172,558,0.0005738735198974609,558
23,77,16,16,0.005100250244140625,485,0.004682064056396484,485,0.0007755756378173828,485
13,72,26,26,0.0007534027099609375,237,0.0005884170532226562,237,0.00025653839111328125,237
28,72,21,21,0.009128570556640625,571,0.005704641342163086,571,0.0010080337524414062,571
18,92,26,26,0.003082275390625,605,0.0031006336212158203,605,0.0006344318389892578,605
23,77,11,11,0.0037338733673095703,370,0.0035889148712158203,370,0.007538795471191406,370
13,77,11,11,0.0012350082397460938,337,0.0010828971862792969,337,0.00034928321838378906,337
18,77,21,21,0.002301454544067383,427,0.0027599334716796875,427,0.005204200744628906,427
23,72,26,26,0.004629373550415039,542,0.005335092544555664,542,0.009874582290649414,542
23,82,21,21,0.0058825016021728516,557,0.005876302719116211,557,0.00963139533996582,557
18,82,21,21,0.002579212188720703,397,0.002400636672973633,397,0.005710601806640625,397
13,82,21,21,0.001010894775390625,381,0.0013244152069091797,381,0.0018160343170166016,381
13,72,21,21,0.00095367431640625,208,0.0015177726745605469,208,0.0020432472229003906,208
28,87,16,16,0.013580322265625,751,0.008883237838745117,751,0.01653003692626953,751
18,77,6,6,0.0026683807373046875,324,0.0027883052825927734,324,0.005069732666015625,324
23,72,21,21,0.004717826843261719,561,0.0056934356689453125,561,0.0005939006805419922,561
18,77,6,6,0.0029726028442382812,307,0.0014929771423339844,307,0.00044918060302734375,307
13,92,6,6,0.0009789466857910156,250,0.0012166500091552734,250,0.0004265308380126953,250
28,82,21,21,0.013283729553222656,971,0.009131669998168945,971,0.0168759822845459,971
23,92,16,16,0.007538557052612305,604,0.005336761474609375,604,0.0009911060333251953,604
28,72,21,21,0.00970149040222168,682,0.007313251495361328,682,0.01611018180847168,682
18,77,21,21,0.0026679039001464844,411,0.0017917156219482422,411,0.0004773139953613281,411
33,87,21,21,0.02668166160583496,941,0.010073184967041016,941,0.0016584396362304688,941
28,72,6,6,0.012612581253051758,464,0.006055355072021484,464,0.013904094696044922,464
33,82,6,6,0.019028425216674805,541,0.009646892547607422,541,0.027160167694091797,541
33,92,26,26,0.030855655670166016,1024,0.009875059127807617,1024,0.0017821788787841797,1024
28,82,11,11,0.013385534286499023,793,0.008657217025756836,793,0.0014412403106689453,793
18,87,26,26,0.0021529197692871094,482,0.001964092254638672,482,0.004829883575439453,482
13,77,16,16,0.0006465911865234375,247,0.001636505126953125,247,0.001979827880859375,247
33,72,21,21,0.018857479095458984,933,0.007905244827270508,933,0.0014982223510742188,933
23,82,16,16,0.006818532943725586,459,0.004384040832519531,459,0.0006482601165771484,459
23,72,16,16,0.004797458648681641,482,0.0031023025512695312,482,0.00832819938659668,482
18,87,21,21,0.0024552345275878906,475,0.0018322467803955078,475,0.0004665851593017578,475
23,92,21,21,0.009424209594726562,737,0.010216712951660156,737,0.0010361671447753906,737
23,87,6,6,0.010356426239013672,455,0.008841514587402344,455,0.015599489212036133,455
13,72,26,26,0.0012362003326416016,345,0.0016772747039794922,345,0.0006847381591796875,345
33,92,6,6,0.02176213264465332,817,0.009728670120239258,817,0.037839412689208984,817
13,87,16,16,0.000644683837890625,190,0.0010821819305419922,190,0.0021691322326660156,190
13,87,6,6,0.0013689994812011719,367,0.0011112689971923828,367,0.0004017353057861328,367
13,72,21,21,0.0007960796356201172,285,0.0010175704956054688,285,0.00032806396484375,285
23,87,16,16,0.00573420524597168,476,0.0039060115814208984,476,0.010958671569824219,476
13,77,26,26,0.0007061958312988281,302,0.001470804214477539,302,0.0018379688262939453,302
18,72,11,11,0.0023698806762695312,410,0.0023317337036132812,410,0.0038187503814697266,410
13,82,21,21,0.0008146762847900391,277,0.000885009765625,277,0.00030159950256347656,277
23,72,6,6,0.004550933837890625,300,0.0044209957122802734,300,0.009369134902954102,300
13,87,21,21,0.0010082721710205078,377,0.001238107681274414,377,0.0019328594207763672,377
28,92,21,21,0.015782833099365234,802,0.008222341537475586,802,0.0012493133544921875,802
28,72,11,11,0.013465166091918945,623,0.0070607662200927734,623,0.014175653457641602,623
33,87,11,11,0.026371002197265625,980,0.00812530517578125,980,0.002095460891723633,980
18,82,26,26,0.0026497840881347656,558,0.0025398731231689453,558,0.0051860809326171875,558
13,87,16,16,0.0008630752563476562,280,0.0011279582977294922,280,0.0003428459167480469,280
33,82,16,16,0.02855825424194336,1047,0.011530160903930664,1047,0.002247333526611328,1047
13,82,21,21,0.0010268688201904297,296,0.0012371540069580078,296,0.0019447803497314453,296
33,87,21,21,0.02920389175415039,1036,0.019743919372558594,1036,0.001926422119140625,1036
25,45,6,6,0.0030679702758789062,134,0.002963542938232422,134,0.014358282089233398,134
33,77,21,21,0.01601433753967285,682,0.00773310661315918,682,0.001409292221069336,682
18,92,21,21,0.004472017288208008,507,0.0034732818603515625,507,0.004804849624633789,507
18,82,21,21,0.002884387969970703,584,0.002596139907836914,584,0.004559040069580078,584
13,87,16,16,0.0007338523864746094,300,0.0013332366943359375,300,0.001773834228515625,300
28,92,6,6,0.017321348190307617,829,0.009362459182739258,829,0.0016968250274658203,829
33,72,11,11,0.021510839462280273,772,0.00997018814086914,772,0.001585245132446289,772
18,82,21,21,0.0020868778228759766,428,0.003092050552368164,428,0.00046706199645996094,428
28,77,11,11,0.016000032424926758,660,0.007450103759765625,660,0.0007996559143066406,660
23,87,21,21,0.007388114929199219,756,0.004463672637939453,756,0.0010845661163330078,756
13,87,16,16,0.0011944770812988281,402,0.0010139942169189453,402,0.0004165172576904297,402
13,82,16,16,0.0009255409240722656,234,0.0008597373962402344,234,0.00022363662719726562,234
18,77,26,26,0.0025131702423095703,422,0.0024950504302978516,422,0.004899740219116211,422
28,87,11,11,0.015071392059326172,758,0.007822751998901367,758,0.0019686222076416016,758
23,92,6,6,0.010431766510009766,577,0.00508427619934082,577,0.001493215560913086,577
18,92,16,16,0.004124164581298828,435,0.0020339488983154297,435,0.0008180141448974609,435
18,82,16,16,0.0022628307342529297,348,0.0017576217651367188,348,0.0005099773406982422,348
23,77,26,26,0.004422187805175781,668,0.0037038326263427734,668,0.009951114654541016,668
33,87,6,6,0.023220062255859375,812,0.009563684463500977,812,0.0018603801727294922,812
13,82,6,6,0.0017304420471191406,277,0.0010726451873779297,277,0.002122163772583008,277
33,87,26,26,0.02953481674194336,1140,0.010515213012695312,1140,0.0017440319061279297,1140
18,92,11,11,0.002593517303466797,362,0.002391338348388672,362,0.0005559921264648438,362
23,92,26,26,0.007577419281005859,754,0.003964424133300781,754,0.0012729167938232422,754
28,92,6,6,0.01394033432006836,589,0.007750034332275391,589,0.019213438034057617,589
23,77,16,16,0.005225658416748047,532,0.004468679428100586,532,0.00818943977355957,532
18,82,11,11,0.0025780200958251953,409,0.0035996437072753906,409,0.004727363586425781,409
28,82,16,16,0.011890649795532227,677,0.00829768180847168,677,0.014281749725341797,677
13,77,21,21,0.0013403892517089844,245,0.0007214546203613281,245,0.0002689361572265625,245
33,77,16,16,0.026227474212646484,807,0.00875544548034668,807,0.0023725032806396484,807
23,77,6,6,0.006027698516845703,451,0.0038208961486816406,451,0.0007314682006835938,451
28,82,26,26,0.009671926498413086,868,0.00580596923828125,868,0.0013587474822998047,868
23,87,16,16,0.007241487503051758,607,0.0068666934967041016,607,0.013311386108398438,607
18,72,26,26,0.0016968250274658203,486,0.0025153160095214844,486,0.004385471343994141,486
13,77,6,6,0.0006783008575439453,248,0.0008351802825927734,248,0.0002181529998779297,248
18,77,16,16,0.0044667720794677734,399,0.004241466522216797,399,0.005739450454711914,399
